﻿<?xml version="1.0" encoding="utf-8" ?>
<DMSScript options="272" xmlns="http://www.skyline.be/automation">
	<Name>GetRTEsandDumpsScript</Name>
	<Description>GetRTEsandDumpsScript_1.0.0.1</Description>
	<Type>Automation</Type>
	<Author>SKYLINE2\CarolinaCO</Author>
	<CheckSets>FALSE</CheckSets>
	<Folder></Folder>

	<Protocols>
	</Protocols>

	<Memory>
	</Memory>

	<Parameters>
	</Parameters>

	<Script>
		<Exe id="1" type="csharp">
			<Value><![CDATA[[Project:GetRTEsandDumpsScript_1]]]></Value>
			<!--<Param type="debug">true</Param>-->
			<Message></Message>
		</Exe>
	</Script>
</DMSScript>