﻿<?xml version="1.0" encoding="utf-8" ?>
<DMSScript options="272" xmlns="http://www.skyline.be/automation">
	<Name>SLC-AS-TeamBotDMSHealthCheck</Name>
	<Description>TeamsBot Health Check Script_1.0.0.1</Description>
	<Type>Automation</Type>
	<Author>SKYLINE2\ThomasRH</Author>
	<CheckSets>FALSE</CheckSets>
	<Folder>bot</Folder>

	<Protocols>
	</Protocols>

	<Memory>
	</Memory>

	<Parameters>
	</Parameters>

	<Script>
		<Exe id="1" type="csharp">
			<Value><![CDATA[[Project:SLC-AS-TeamBotDMSHealthCheck_1]]]></Value>
			<!--<Param type="debug">true</Param>-->
			<Message></Message>
		</Exe>
	</Script>
</DMSScript>